,date,location,count,plate,sample,colour,image,coef,before event,after event,event,date_sample,label,medium,doy,week,d,year
0,2016-07-05,MRD,0.0,1,MRD1,big_blue,,100,False,False,True,"('2016-07-05', 'MRD1')",Bioindicator,EasyGel,187,27,2016-07-05,2016
1,2016-07-12,MRD,22.0,1,MRD1,big_blue,,100,False,False,True,"('2016-07-12', 'MRD1')",Bioindicator,EasyGel,194,28,2016-07-12,2016
2,2016-07-19,MRD,8.0,1,MRD1,big_blue,,100,False,True,False,"('2016-07-19', 'MRD1')",Bioindicator,EasyGel,201,29,2016-07-19,2016
3,2016-06-21,MRD,2.0,1,MRD1,big_blue,,100,True,False,False,"('2016-06-21', 'MRD1')",Bioindicator,EasyGel,173,25,2016-06-21,2016
4,2016-06-28,MRD,0.0,1,MRD1,big_blue,,100,True,False,False,"('2016-06-28', 'MRD1')",Bioindicator,EasyGel,180,26,2016-06-28,2016
5,2016-07-26,MRD,0.0,1,MRD1,big_blue,,100,False,True,False,"('2016-07-26', 'MRD1')",Bioindicator,EasyGel,208,30,2016-07-26,2016
6,2016-08-02,MRD,0.0,1,MRD1,big_blue,,100,False,True,False,"('2016-08-02', 'MRD1')",Bioindicator,EasyGel,215,31,2016-08-02,2016
7,2016-08-09,MRD,0.0,1,MRD1,big_blue,,100,False,True,False,"('2016-08-09', 'MRD1')",Bioindicator,EasyGel,222,32,2016-08-09,2016
8,2016-07-05,SVT,2.0,1,SVT1,big_blue,,100,False,False,True,"('2016-07-05', 'SVT1')",Bioindicator,EasyGel,187,27,2016-07-05,2016
9,2016-07-12,SVT,32.0,1,SVT1,big_blue,,100,False,False,True,"('2016-07-12', 'SVT1')",Bioindicator,EasyGel,194,28,2016-07-12,2016
10,2016-07-19,SVT,7.0,1,SVT1,big_blue,,100,False,True,False,"('2016-07-19', 'SVT1')",Bioindicator,EasyGel,201,29,2016-07-19,2016
11,2016-06-21,SVT,0.0,1,SVT1,big_blue,,100,True,False,False,"('2016-06-21', 'SVT1')",Bioindicator,EasyGel,173,25,2016-06-21,2016
12,2016-06-28,SVT,0.0,1,SVT1,big_blue,,100,True,False,False,"('2016-06-28', 'SVT1')",Bioindicator,EasyGel,180,26,2016-06-28,2016
13,2016-07-26,SVT,2.0,1,SVT1,big_blue,,100,False,True,False,"('2016-07-26', 'SVT1')",Bioindicator,EasyGel,208,30,2016-07-26,2016
14,2016-08-02,SVT,1.0,1,SVT1,big_blue,,100,False,True,False,"('2016-08-02', 'SVT1')",Bioindicator,EasyGel,215,31,2016-08-02,2016
15,2016-08-09,SVT,1.0,1,SVT1,big_blue,,100,False,True,False,"('2016-08-09', 'SVT1')",Bioindicator,EasyGel,222,32,2016-08-09,2016
16,2016-07-05,VNX,0.0,1,VNX1,big_blue,,100,False,False,True,"('2016-07-05', 'VNX1')",Bioindicator,EasyGel,187,27,2016-07-05,2016
17,2016-07-12,VNX,5.0,1,VNX1,big_blue,,100,False,False,True,"('2016-07-12', 'VNX1')",Bioindicator,EasyGel,194,28,2016-07-12,2016
18,2016-07-19,VNX,27.0,1,VNX1,big_blue,,100,False,True,False,"('2016-07-19', 'VNX1')",Bioindicator,EasyGel,201,29,2016-07-19,2016
19,2016-06-21,VNX,0.0,1,VNX1,big_blue,,100,True,False,False,"('2016-06-21', 'VNX1')",Bioindicator,EasyGel,173,25,2016-06-21,2016
20,2016-06-28,VNX,2.0,1,VNX1,big_blue,,100,True,False,False,"('2016-06-28', 'VNX1')",Bioindicator,EasyGel,180,26,2016-06-28,2016
21,2016-07-26,VNX,0.0,1,VNX1,big_blue,,100,False,True,False,"('2016-07-26', 'VNX1')",Bioindicator,EasyGel,208,30,2016-07-26,2016
22,2016-08-09,VNX,2.0,1,VNX1,big_blue,,100,False,True,False,"('2016-08-09', 'VNX1')",Bioindicator,EasyGel,222,32,2016-08-09,2016
23,2016-08-02,VNX,3.0,1,VNX1,big_blue,,100,False,True,False,"('2016-08-02', 'VNX1')",Bioindicator,EasyGel,215,31,2016-08-02,2016
24,2016-07-05,MRD,0.0,1,MRD1,med_blue,,100,False,False,True,"('2016-07-05', 'MRD1')",Coliform,EasyGel,187,27,2016-07-05,2016
25,2016-07-12,MRD,0.0,1,MRD1,med_blue,,100,False,False,True,"('2016-07-12', 'MRD1')",Coliform,EasyGel,194,28,2016-07-12,2016
26,2016-07-19,MRD,2.0,1,MRD1,med_blue,,100,False,True,False,"('2016-07-19', 'MRD1')",Coliform,EasyGel,201,29,2016-07-19,2016
27,2016-06-21,MRD,10.0,1,MRD1,med_blue,,100,True,False,False,"('2016-06-21', 'MRD1')",Coliform,EasyGel,173,25,2016-06-21,2016
28,2016-06-28,MRD,1.0,1,MRD1,med_blue,,100,True,False,False,"('2016-06-28', 'MRD1')",Coliform,EasyGel,180,26,2016-06-28,2016
29,2016-07-26,MRD,6.0,1,MRD1,med_blue,,100,False,True,False,"('2016-07-26', 'MRD1')",Coliform,EasyGel,208,30,2016-07-26,2016
30,2016-08-02,MRD,2.0,1,MRD1,med_blue,,100,False,True,False,"('2016-08-02', 'MRD1')",Coliform,EasyGel,215,31,2016-08-02,2016
31,2016-08-09,MRD,1.0,1,MRD1,med_blue,,100,False,True,False,"('2016-08-09', 'MRD1')",Coliform,EasyGel,222,32,2016-08-09,2016
32,2016-07-05,SVT,1.0,1,SVT1,med_blue,,100,False,False,True,"('2016-07-05', 'SVT1')",Coliform,EasyGel,187,27,2016-07-05,2016
33,2016-07-12,SVT,47.0,1,SVT1,med_blue,,100,False,False,True,"('2016-07-12', 'SVT1')",Coliform,EasyGel,194,28,2016-07-12,2016
34,2016-07-19,SVT,0.0,1,SVT1,med_blue,,100,False,True,False,"('2016-07-19', 'SVT1')",Coliform,EasyGel,201,29,2016-07-19,2016
35,2016-06-21,SVT,0.0,1,SVT1,med_blue,,100,True,False,False,"('2016-06-21', 'SVT1')",Coliform,EasyGel,173,25,2016-06-21,2016
36,2016-06-28,SVT,0.0,1,SVT1,med_blue,,100,True,False,False,"('2016-06-28', 'SVT1')",Coliform,EasyGel,180,26,2016-06-28,2016
37,2016-07-26,SVT,0.0,1,SVT1,med_blue,,100,False,True,False,"('2016-07-26', 'SVT1')",Coliform,EasyGel,208,30,2016-07-26,2016
38,2016-08-02,SVT,0.0,1,SVT1,med_blue,,100,False,True,False,"('2016-08-02', 'SVT1')",Coliform,EasyGel,215,31,2016-08-02,2016
39,2016-08-09,SVT,0.0,1,SVT1,med_blue,,100,False,True,False,"('2016-08-09', 'SVT1')",Coliform,EasyGel,222,32,2016-08-09,2016
40,2016-07-05,VNX,0.0,1,VNX1,med_blue,,100,False,False,True,"('2016-07-05', 'VNX1')",Coliform,EasyGel,187,27,2016-07-05,2016
41,2016-07-12,VNX,3.0,1,VNX1,med_blue,,100,False,False,True,"('2016-07-12', 'VNX1')",Coliform,EasyGel,194,28,2016-07-12,2016
42,2016-07-19,VNX,15.0,1,VNX1,med_blue,,100,False,True,False,"('2016-07-19', 'VNX1')",Coliform,EasyGel,201,29,2016-07-19,2016
43,2016-06-21,VNX,0.0,1,VNX1,med_blue,,100,True,False,False,"('2016-06-21', 'VNX1')",Coliform,EasyGel,173,25,2016-06-21,2016
44,2016-06-28,VNX,5.0,1,VNX1,med_blue,,100,True,False,False,"('2016-06-28', 'VNX1')",Coliform,EasyGel,180,26,2016-06-28,2016
45,2016-07-26,VNX,0.0,1,VNX1,med_blue,,100,False,True,False,"('2016-07-26', 'VNX1')",Coliform,EasyGel,208,30,2016-07-26,2016
46,2016-08-09,VNX,3.0,1,VNX1,med_blue,,100,False,True,False,"('2016-08-09', 'VNX1')",Coliform,EasyGel,222,32,2016-08-09,2016
47,2016-08-02,VNX,4.0,1,VNX1,med_blue,,100,False,True,False,"('2016-08-02', 'VNX1')",Coliform,EasyGel,215,31,2016-08-02,2016
48,2016-07-05,MRD,0.0,1,MRD1,other,,100,False,False,True,"('2016-07-05', 'MRD1')",Other,EasyGel,187,27,2016-07-05,2016
49,2016-07-12,MRD,37.0,1,MRD1,other,,100,False,False,True,"('2016-07-12', 'MRD1')",Other,EasyGel,194,28,2016-07-12,2016
50,2016-07-19,MRD,5.0,1,MRD1,other,,100,False,True,False,"('2016-07-19', 'MRD1')",Other,EasyGel,201,29,2016-07-19,2016
51,2016-06-21,MRD,0.0,1,MRD1,other,,100,True,False,False,"('2016-06-21', 'MRD1')",Other,EasyGel,173,25,2016-06-21,2016
52,2016-06-28,MRD,17.0,1,MRD1,other,,100,True,False,False,"('2016-06-28', 'MRD1')",Other,EasyGel,180,26,2016-06-28,2016
53,2016-07-26,MRD,2.0,1,MRD1,other,,100,False,True,False,"('2016-07-26', 'MRD1')",Other,EasyGel,208,30,2016-07-26,2016
54,2016-08-02,MRD,0.0,1,MRD1,other,,100,False,True,False,"('2016-08-02', 'MRD1')",Other,EasyGel,215,31,2016-08-02,2016
55,2016-08-09,MRD,2.0,1,MRD1,other,,100,False,True,False,"('2016-08-09', 'MRD1')",Other,EasyGel,222,32,2016-08-09,2016
56,2016-07-05,SVT,0.0,1,SVT1,other,,100,False,False,True,"('2016-07-05', 'SVT1')",Other,EasyGel,187,27,2016-07-05,2016
57,2016-07-12,SVT,29.0,1,SVT1,other,,100,False,False,True,"('2016-07-12', 'SVT1')",Other,EasyGel,194,28,2016-07-12,2016
58,2016-07-19,SVT,3.0,1,SVT1,other,,100,False,True,False,"('2016-07-19', 'SVT1')",Other,EasyGel,201,29,2016-07-19,2016
59,2016-06-21,SVT,0.0,1,SVT1,other,,100,True,False,False,"('2016-06-21', 'SVT1')",Other,EasyGel,173,25,2016-06-21,2016
60,2016-06-28,SVT,0.0,1,SVT1,other,,100,True,False,False,"('2016-06-28', 'SVT1')",Other,EasyGel,180,26,2016-06-28,2016
61,2016-07-26,SVT,150.0,1,SVT1,other,,100,False,True,False,"('2016-07-26', 'SVT1')",Other,EasyGel,208,30,2016-07-26,2016
62,2016-08-02,SVT,1.0,1,SVT1,other,,100,False,True,False,"('2016-08-02', 'SVT1')",Other,EasyGel,215,31,2016-08-02,2016
63,2016-08-09,SVT,1.0,1,SVT1,other,,100,False,True,False,"('2016-08-09', 'SVT1')",Other,EasyGel,222,32,2016-08-09,2016
64,2016-07-05,VNX,0.0,1,VNX1,other,,100,False,False,True,"('2016-07-05', 'VNX1')",Other,EasyGel,187,27,2016-07-05,2016
65,2016-07-12,VNX,4.0,1,VNX1,other,,100,False,False,True,"('2016-07-12', 'VNX1')",Other,EasyGel,194,28,2016-07-12,2016
66,2016-07-19,VNX,4.0,1,VNX1,other,,100,False,True,False,"('2016-07-19', 'VNX1')",Other,EasyGel,201,29,2016-07-19,2016
67,2016-06-21,VNX,0.0,1,VNX1,other,,100,True,False,False,"('2016-06-21', 'VNX1')",Other,EasyGel,173,25,2016-06-21,2016
68,2016-06-28,VNX,0.0,1,VNX1,other,,100,True,False,False,"('2016-06-28', 'VNX1')",Other,EasyGel,180,26,2016-06-28,2016
69,2016-07-26,VNX,7.0,1,VNX1,other,,100,False,True,False,"('2016-07-26', 'VNX1')",Other,EasyGel,208,30,2016-07-26,2016
70,2016-08-09,VNX,2.0,1,VNX1,other,,100,False,True,False,"('2016-08-09', 'VNX1')",Other,EasyGel,222,32,2016-08-09,2016
71,2016-08-02,VNX,0.0,1,VNX1,other,,100,False,True,False,"('2016-08-02', 'VNX1')",Other,EasyGel,215,31,2016-08-02,2016
72,2016-07-05,MRD,0.0,1,MRD1,pink,,100,False,False,True,"('2016-07-05', 'MRD1')",Coliform,EasyGel,187,27,2016-07-05,2016
73,2016-07-12,MRD,20.0,1,MRD1,pink,,100,False,False,True,"('2016-07-12', 'MRD1')",Coliform,EasyGel,194,28,2016-07-12,2016
74,2016-07-19,MRD,1.0,1,MRD1,pink,,100,False,True,False,"('2016-07-19', 'MRD1')",Coliform,EasyGel,201,29,2016-07-19,2016
75,2016-06-21,MRD,0.0,1,MRD1,pink,,100,True,False,False,"('2016-06-21', 'MRD1')",Coliform,EasyGel,173,25,2016-06-21,2016
76,2016-06-28,MRD,10.0,1,MRD1,pink,,100,True,False,False,"('2016-06-28', 'MRD1')",Coliform,EasyGel,180,26,2016-06-28,2016
77,2016-07-26,MRD,3.0,1,MRD1,pink,,100,False,True,False,"('2016-07-26', 'MRD1')",Coliform,EasyGel,208,30,2016-07-26,2016
78,2016-08-02,MRD,1.0,1,MRD1,pink,,100,False,True,False,"('2016-08-02', 'MRD1')",Coliform,EasyGel,215,31,2016-08-02,2016
79,2016-08-09,MRD,6.0,1,MRD1,pink,,100,False,True,False,"('2016-08-09', 'MRD1')",Coliform,EasyGel,222,32,2016-08-09,2016
80,2016-07-05,SVT,2.0,1,SVT1,pink,,100,False,False,True,"('2016-07-05', 'SVT1')",Coliform,EasyGel,187,27,2016-07-05,2016
81,2016-07-12,SVT,26.0,1,SVT1,pink,,100,False,False,True,"('2016-07-12', 'SVT1')",Coliform,EasyGel,194,28,2016-07-12,2016
82,2016-07-19,SVT,7.0,1,SVT1,pink,,100,False,True,False,"('2016-07-19', 'SVT1')",Coliform,EasyGel,201,29,2016-07-19,2016
83,2016-06-21,SVT,2.0,1,SVT1,pink,,100,True,False,False,"('2016-06-21', 'SVT1')",Coliform,EasyGel,173,25,2016-06-21,2016
84,2016-06-28,SVT,2.0,1,SVT1,pink,,100,True,False,False,"('2016-06-28', 'SVT1')",Coliform,EasyGel,180,26,2016-06-28,2016
85,2016-07-26,SVT,0.0,1,SVT1,pink,,100,False,True,False,"('2016-07-26', 'SVT1')",Coliform,EasyGel,208,30,2016-07-26,2016
86,2016-08-02,SVT,0.0,1,SVT1,pink,,100,False,True,False,"('2016-08-02', 'SVT1')",Coliform,EasyGel,215,31,2016-08-02,2016
87,2016-08-09,SVT,0.0,1,SVT1,pink,,100,False,True,False,"('2016-08-09', 'SVT1')",Coliform,EasyGel,222,32,2016-08-09,2016
88,2016-07-05,VNX,0.0,1,VNX1,pink,,100,False,False,True,"('2016-07-05', 'VNX1')",Coliform,EasyGel,187,27,2016-07-05,2016
89,2016-07-12,VNX,10.0,1,VNX1,pink,,100,False,False,True,"('2016-07-12', 'VNX1')",Coliform,EasyGel,194,28,2016-07-12,2016
90,2016-07-19,VNX,2.0,1,VNX1,pink,,100,False,True,False,"('2016-07-19', 'VNX1')",Coliform,EasyGel,201,29,2016-07-19,2016
91,2016-06-21,VNX,2.0,1,VNX1,pink,,100,True,False,False,"('2016-06-21', 'VNX1')",Coliform,EasyGel,173,25,2016-06-21,2016
92,2016-06-28,VNX,8.0,1,VNX1,pink,,100,True,False,False,"('2016-06-28', 'VNX1')",Coliform,EasyGel,180,26,2016-06-28,2016
93,2016-07-26,VNX,0.0,1,VNX1,pink,,100,False,True,False,"('2016-07-26', 'VNX1')",Coliform,EasyGel,208,30,2016-07-26,2016
94,2016-08-09,VNX,0.0,1,VNX1,pink,,100,False,True,False,"('2016-08-09', 'VNX1')",Coliform,EasyGel,222,32,2016-08-09,2016
95,2016-08-02,VNX,1.0,1,VNX1,pink,,100,False,True,False,"('2016-08-02', 'VNX1')",Coliform,EasyGel,215,31,2016-08-02,2016
96,2016-07-05,MRD,0.0,1,MRD1,turq,,100,False,False,True,"('2016-07-05', 'MRD1')",Other,EasyGel,187,27,2016-07-05,2016
97,2016-07-12,MRD,0.0,1,MRD1,turq,,100,False,False,True,"('2016-07-12', 'MRD1')",Other,EasyGel,194,28,2016-07-12,2016
98,2016-07-19,MRD,1.0,1,MRD1,turq,,100,False,True,False,"('2016-07-19', 'MRD1')",Other,EasyGel,201,29,2016-07-19,2016
99,2016-06-21,MRD,0.0,1,MRD1,turq,,100,True,False,False,"('2016-06-21', 'MRD1')",Other,EasyGel,173,25,2016-06-21,2016
100,2016-06-28,MRD,1.0,1,MRD1,turq,,100,True,False,False,"('2016-06-28', 'MRD1')",Other,EasyGel,180,26,2016-06-28,2016
101,2016-07-26,MRD,0.0,1,MRD1,turq,,100,False,True,False,"('2016-07-26', 'MRD1')",Other,EasyGel,208,30,2016-07-26,2016
102,2016-08-02,MRD,0.0,1,MRD1,turq,,100,False,True,False,"('2016-08-02', 'MRD1')",Other,EasyGel,215,31,2016-08-02,2016
103,2016-08-09,MRD,1.0,1,MRD1,turq,,100,False,True,False,"('2016-08-09', 'MRD1')",Other,EasyGel,222,32,2016-08-09,2016
104,2016-07-05,SVT,0.0,1,SVT1,turq,,100,False,False,True,"('2016-07-05', 'SVT1')",Other,EasyGel,187,27,2016-07-05,2016
105,2016-07-12,SVT,9.0,1,SVT1,turq,,100,False,False,True,"('2016-07-12', 'SVT1')",Other,EasyGel,194,28,2016-07-12,2016
106,2016-07-19,SVT,0.0,1,SVT1,turq,,100,False,True,False,"('2016-07-19', 'SVT1')",Other,EasyGel,201,29,2016-07-19,2016
107,2016-06-21,SVT,0.0,1,SVT1,turq,,100,True,False,False,"('2016-06-21', 'SVT1')",Other,EasyGel,173,25,2016-06-21,2016
108,2016-06-28,SVT,0.0,1,SVT1,turq,,100,True,False,False,"('2016-06-28', 'SVT1')",Other,EasyGel,180,26,2016-06-28,2016
109,2016-07-26,SVT,0.0,1,SVT1,turq,,100,False,True,False,"('2016-07-26', 'SVT1')",Other,EasyGel,208,30,2016-07-26,2016
110,2016-08-02,SVT,0.0,1,SVT1,turq,,100,False,True,False,"('2016-08-02', 'SVT1')",Other,EasyGel,215,31,2016-08-02,2016
111,2016-08-09,SVT,0.0,1,SVT1,turq,,100,False,True,False,"('2016-08-09', 'SVT1')",Other,EasyGel,222,32,2016-08-09,2016
112,2016-07-05,VNX,0.0,1,VNX1,turq,,100,False,False,True,"('2016-07-05', 'VNX1')",Other,EasyGel,187,27,2016-07-05,2016
113,2016-07-12,VNX,1.0,1,VNX1,turq,,100,False,False,True,"('2016-07-12', 'VNX1')",Other,EasyGel,194,28,2016-07-12,2016
114,2016-07-19,VNX,1.0,1,VNX1,turq,,100,False,True,False,"('2016-07-19', 'VNX1')",Other,EasyGel,201,29,2016-07-19,2016
115,2016-06-21,VNX,0.0,1,VNX1,turq,,100,True,False,False,"('2016-06-21', 'VNX1')",Other,EasyGel,173,25,2016-06-21,2016
116,2016-06-28,VNX,1.0,1,VNX1,turq,,100,True,False,False,"('2016-06-28', 'VNX1')",Other,EasyGel,180,26,2016-06-28,2016
117,2016-07-26,VNX,0.0,1,VNX1,turq,,100,False,True,False,"('2016-07-26', 'VNX1')",Other,EasyGel,208,30,2016-07-26,2016
118,2016-08-09,VNX,1.0,1,VNX1,turq,,100,False,True,False,"('2016-08-09', 'VNX1')",Other,EasyGel,222,32,2016-08-09,2016
119,2016-08-02,VNX,0.0,1,VNX1,turq,,100,False,True,False,"('2016-08-02', 'VNX1')",Other,EasyGel,215,31,2016-08-02,2016
120,2016-07-05,MRD,0.4,1,MRD1,sample,,100,False,False,True,"('2016-07-05', 'MRD1')",Other,EasyGel,187,27,2016-07-05,2016
121,2016-07-12,MRD,4.0,1,MRD1,sample,,100,False,False,True,"('2016-07-12', 'MRD1')",Other,EasyGel,194,28,2016-07-12,2016
122,2016-07-19,MRD,4.0,1,MRD1,sample,,100,False,True,False,"('2016-07-19', 'MRD1')",Other,EasyGel,201,29,2016-07-19,2016
123,2016-06-21,MRD,1.0,1,MRD1,sample,,100,True,False,False,"('2016-06-21', 'MRD1')",Other,EasyGel,173,25,2016-06-21,2016
124,2016-06-28,MRD,4.0,1,MRD1,sample,,100,True,False,False,"('2016-06-28', 'MRD1')",Other,EasyGel,180,26,2016-06-28,2016
125,2016-07-26,MRD,4.0,1,MRD1,sample,,100,False,True,False,"('2016-07-26', 'MRD1')",Other,EasyGel,208,30,2016-07-26,2016
126,2016-08-02,MRD,4.0,1,MRD1,sample,,100,False,True,False,"('2016-08-02', 'MRD1')",Other,EasyGel,215,31,2016-08-02,2016
127,2016-08-09,MRD,4.0,1,MRD1,sample,,100,False,True,False,"('2016-08-09', 'MRD1')",Other,EasyGel,222,32,2016-08-09,2016
128,2016-07-05,SVT,0.4,1,SVT1,sample,,100,False,False,True,"('2016-07-05', 'SVT1')",Other,EasyGel,187,27,2016-07-05,2016
129,2016-07-12,SVT,4.0,1,SVT1,sample,,100,False,False,True,"('2016-07-12', 'SVT1')",Other,EasyGel,194,28,2016-07-12,2016
130,2016-07-19,SVT,4.0,1,SVT1,sample,,100,False,True,False,"('2016-07-19', 'SVT1')",Other,EasyGel,201,29,2016-07-19,2016
131,2016-06-21,SVT,1.0,1,SVT1,sample,,100,True,False,False,"('2016-06-21', 'SVT1')",Other,EasyGel,173,25,2016-06-21,2016
132,2016-06-28,SVT,4.0,1,SVT1,sample,,100,True,False,False,"('2016-06-28', 'SVT1')",Other,EasyGel,180,26,2016-06-28,2016
133,2016-07-26,SVT,4.0,1,SVT1,sample,,100,False,True,False,"('2016-07-26', 'SVT1')",Other,EasyGel,208,30,2016-07-26,2016
134,2016-08-02,SVT,4.0,1,SVT1,sample,,100,False,True,False,"('2016-08-02', 'SVT1')",Other,EasyGel,215,31,2016-08-02,2016
135,2016-08-09,SVT,4.0,1,SVT1,sample,,100,False,True,False,"('2016-08-09', 'SVT1')",Other,EasyGel,222,32,2016-08-09,2016
136,2016-07-05,VNX,0.4,1,VNX1,sample,,100,False,False,True,"('2016-07-05', 'VNX1')",Other,EasyGel,187,27,2016-07-05,2016
137,2016-07-12,VNX,4.0,1,VNX1,sample,,100,False,False,True,"('2016-07-12', 'VNX1')",Other,EasyGel,194,28,2016-07-12,2016
138,2016-07-19,VNX,4.0,1,VNX1,sample,,100,False,True,False,"('2016-07-19', 'VNX1')",Other,EasyGel,201,29,2016-07-19,2016
139,2016-06-21,VNX,1.0,1,VNX1,sample,,100,True,False,False,"('2016-06-21', 'VNX1')",Other,EasyGel,173,25,2016-06-21,2016
140,2016-06-28,VNX,4.0,1,VNX1,sample,,100,True,False,False,"('2016-06-28', 'VNX1')",Other,EasyGel,180,26,2016-06-28,2016
141,2016-07-26,VNX,4.0,1,VNX1,sample,,100,False,True,False,"('2016-07-26', 'VNX1')",Other,EasyGel,208,30,2016-07-26,2016
142,2016-08-09,VNX,4.0,1,VNX1,sample,,100,False,True,False,"('2016-08-09', 'VNX1')",Other,EasyGel,222,32,2016-08-09,2016
143,2016-08-02,VNX,4.0,1,VNX1,sample,,100,False,True,False,"('2016-08-02', 'VNX1')",Other,EasyGel,215,31,2016-08-02,2016
144,2016-07-05,MRD,0.0,2,MRD2,big_blue,,100,False,False,True,"('2016-07-05', 'MRD2')",Bioindicator,EasyGel,187,27,2016-07-05,2016
145,2016-07-12,MRD,17.0,2,MRD2,big_blue,,100,False,False,True,"('2016-07-12', 'MRD2')",Bioindicator,EasyGel,194,28,2016-07-12,2016
146,2016-07-19,MRD,16.0,2,MRD2,big_blue,,100,False,True,False,"('2016-07-19', 'MRD2')",Bioindicator,EasyGel,201,29,2016-07-19,2016
147,2016-06-21,MRD,0.0,2,MRD2,big_blue,,100,True,False,False,"('2016-06-21', 'MRD2')",Bioindicator,EasyGel,173,25,2016-06-21,2016
148,2016-06-28,MRD,0.0,2,MRD2,big_blue,,100,True,False,False,"('2016-06-28', 'MRD2')",Bioindicator,EasyGel,180,26,2016-06-28,2016
149,2016-07-26,MRD,0.0,2,MRD2,big_blue,,100,False,True,False,"('2016-07-26', 'MRD2')",Bioindicator,EasyGel,208,30,2016-07-26,2016
150,2016-08-02,MRD,1.0,2,MRD2,big_blue,,100,False,True,False,"('2016-08-02', 'MRD2')",Bioindicator,EasyGel,215,31,2016-08-02,2016
151,2016-08-09,MRD,0.0,2,MRD2,big_blue,,100,False,True,False,"('2016-08-09', 'MRD2')",Bioindicator,EasyGel,222,32,2016-08-09,2016
152,2016-07-05,SVT,0.0,2,SVT2,big_blue,,100,False,False,True,"('2016-07-05', 'SVT2')",Bioindicator,EasyGel,187,27,2016-07-05,2016
153,2016-07-12,SVT,36.0,2,SVT2,big_blue,,100,False,False,True,"('2016-07-12', 'SVT2')",Bioindicator,EasyGel,194,28,2016-07-12,2016
154,2016-07-19,SVT,15.0,2,SVT2,big_blue,,100,False,True,False,"('2016-07-19', 'SVT2')",Bioindicator,EasyGel,201,29,2016-07-19,2016
155,2016-06-21,SVT,0.0,2,SVT2,big_blue,,100,True,False,False,"('2016-06-21', 'SVT2')",Bioindicator,EasyGel,173,25,2016-06-21,2016
156,2016-06-28,SVT,0.0,2,SVT2,big_blue,,100,True,False,False,"('2016-06-28', 'SVT2')",Bioindicator,EasyGel,180,26,2016-06-28,2016
157,2016-07-26,SVT,0.0,2,SVT2,big_blue,,100,False,True,False,"('2016-07-26', 'SVT2')",Bioindicator,EasyGel,208,30,2016-07-26,2016
158,2016-08-02,SVT,0.0,2,SVT2,big_blue,,100,False,True,False,"('2016-08-02', 'SVT2')",Bioindicator,EasyGel,215,31,2016-08-02,2016
159,2016-08-09,SVT,2.0,2,SVT2,big_blue,,100,False,True,False,"('2016-08-09', 'SVT2')",Bioindicator,EasyGel,222,32,2016-08-09,2016
160,2016-07-05,VNX,0.0,2,VNX2,big_blue,,100,False,False,True,"('2016-07-05', 'VNX2')",Bioindicator,EasyGel,187,27,2016-07-05,2016
161,2016-07-12,VNX,2.0,2,VNX2,big_blue,,100,False,False,True,"('2016-07-12', 'VNX2')",Bioindicator,EasyGel,194,28,2016-07-12,2016
162,2016-07-19,VNX,11.0,2,VNX2,big_blue,,100,False,True,False,"('2016-07-19', 'VNX2')",Bioindicator,EasyGel,201,29,2016-07-19,2016
163,2016-06-21,VNX,0.0,2,VNX2,big_blue,,100,True,False,False,"('2016-06-21', 'VNX2')",Bioindicator,EasyGel,173,25,2016-06-21,2016
164,2016-06-28,VNX,0.0,2,VNX2,big_blue,,100,True,False,False,"('2016-06-28', 'VNX2')",Bioindicator,EasyGel,180,26,2016-06-28,2016
165,2016-07-26,VNX,0.0,2,VNX2,big_blue,,100,False,True,False,"('2016-07-26', 'VNX2')",Bioindicator,EasyGel,208,30,2016-07-26,2016
166,2016-08-09,VNX,13.0,2,VNX2,big_blue,,100,False,True,False,"('2016-08-09', 'VNX2')",Bioindicator,EasyGel,222,32,2016-08-09,2016
167,2016-08-02,VNX,2.0,2,VNX2,big_blue,,100,False,True,False,"('2016-08-02', 'VNX2')",Bioindicator,EasyGel,215,31,2016-08-02,2016
168,2016-07-05,MRD,1.0,2,MRD2,med_blue,,100,False,False,True,"('2016-07-05', 'MRD2')",Coliform,EasyGel,187,27,2016-07-05,2016
169,2016-07-12,MRD,3.0,2,MRD2,med_blue,,100,False,False,True,"('2016-07-12', 'MRD2')",Coliform,EasyGel,194,28,2016-07-12,2016
170,2016-07-19,MRD,7.0,2,MRD2,med_blue,,100,False,True,False,"('2016-07-19', 'MRD2')",Coliform,EasyGel,201,29,2016-07-19,2016
171,2016-06-21,MRD,2.0,2,MRD2,med_blue,,100,True,False,False,"('2016-06-21', 'MRD2')",Coliform,EasyGel,173,25,2016-06-21,2016
172,2016-06-28,MRD,0.0,2,MRD2,med_blue,,100,True,False,False,"('2016-06-28', 'MRD2')",Coliform,EasyGel,180,26,2016-06-28,2016
173,2016-07-26,MRD,0.0,2,MRD2,med_blue,,100,False,True,False,"('2016-07-26', 'MRD2')",Coliform,EasyGel,208,30,2016-07-26,2016
174,2016-08-02,MRD,1.0,2,MRD2,med_blue,,100,False,True,False,"('2016-08-02', 'MRD2')",Coliform,EasyGel,215,31,2016-08-02,2016
175,2016-08-09,MRD,0.0,2,MRD2,med_blue,,100,False,True,False,"('2016-08-09', 'MRD2')",Coliform,EasyGel,222,32,2016-08-09,2016
176,2016-07-05,SVT,0.0,2,SVT2,med_blue,,100,False,False,True,"('2016-07-05', 'SVT2')",Coliform,EasyGel,187,27,2016-07-05,2016
177,2016-07-12,SVT,26.0,2,SVT2,med_blue,,100,False,False,True,"('2016-07-12', 'SVT2')",Coliform,EasyGel,194,28,2016-07-12,2016
178,2016-07-19,SVT,0.0,2,SVT2,med_blue,,100,False,True,False,"('2016-07-19', 'SVT2')",Coliform,EasyGel,201,29,2016-07-19,2016
179,2016-06-21,SVT,0.0,2,SVT2,med_blue,,100,True,False,False,"('2016-06-21', 'SVT2')",Coliform,EasyGel,173,25,2016-06-21,2016
180,2016-06-28,SVT,1.0,2,SVT2,med_blue,,100,True,False,False,"('2016-06-28', 'SVT2')",Coliform,EasyGel,180,26,2016-06-28,2016
181,2016-07-26,SVT,0.0,2,SVT2,med_blue,,100,False,True,False,"('2016-07-26', 'SVT2')",Coliform,EasyGel,208,30,2016-07-26,2016
182,2016-08-02,SVT,0.0,2,SVT2,med_blue,,100,False,True,False,"('2016-08-02', 'SVT2')",Coliform,EasyGel,215,31,2016-08-02,2016
183,2016-08-09,SVT,1.0,2,SVT2,med_blue,,100,False,True,False,"('2016-08-09', 'SVT2')",Coliform,EasyGel,222,32,2016-08-09,2016
184,2016-07-05,VNX,0.0,2,VNX2,med_blue,,100,False,False,True,"('2016-07-05', 'VNX2')",Coliform,EasyGel,187,27,2016-07-05,2016
185,2016-07-12,VNX,0.0,2,VNX2,med_blue,,100,False,False,True,"('2016-07-12', 'VNX2')",Coliform,EasyGel,194,28,2016-07-12,2016
186,2016-07-19,VNX,7.0,2,VNX2,med_blue,,100,False,True,False,"('2016-07-19', 'VNX2')",Coliform,EasyGel,201,29,2016-07-19,2016
187,2016-06-21,VNX,0.0,2,VNX2,med_blue,,100,True,False,False,"('2016-06-21', 'VNX2')",Coliform,EasyGel,173,25,2016-06-21,2016
188,2016-06-28,VNX,3.0,2,VNX2,med_blue,,100,True,False,False,"('2016-06-28', 'VNX2')",Coliform,EasyGel,180,26,2016-06-28,2016
189,2016-07-26,VNX,2.0,2,VNX2,med_blue,,100,False,True,False,"('2016-07-26', 'VNX2')",Coliform,EasyGel,208,30,2016-07-26,2016
190,2016-08-09,VNX,19.0,2,VNX2,med_blue,,100,False,True,False,"('2016-08-09', 'VNX2')",Coliform,EasyGel,222,32,2016-08-09,2016
191,2016-08-02,VNX,0.0,2,VNX2,med_blue,,100,False,True,False,"('2016-08-02', 'VNX2')",Coliform,EasyGel,215,31,2016-08-02,2016
192,2016-07-05,MRD,0.0,2,MRD2,other,,100,False,False,True,"('2016-07-05', 'MRD2')",Other,EasyGel,187,27,2016-07-05,2016
193,2016-07-12,MRD,26.0,2,MRD2,other,,100,False,False,True,"('2016-07-12', 'MRD2')",Other,EasyGel,194,28,2016-07-12,2016
194,2016-07-19,MRD,2.0,2,MRD2,other,,100,False,True,False,"('2016-07-19', 'MRD2')",Other,EasyGel,201,29,2016-07-19,2016
195,2016-06-21,MRD,0.0,2,MRD2,other,,100,True,False,False,"('2016-06-21', 'MRD2')",Other,EasyGel,173,25,2016-06-21,2016
196,2016-06-28,MRD,0.0,2,MRD2,other,,100,True,False,False,"('2016-06-28', 'MRD2')",Other,EasyGel,180,26,2016-06-28,2016
197,2016-07-26,MRD,3.0,2,MRD2,other,,100,False,True,False,"('2016-07-26', 'MRD2')",Other,EasyGel,208,30,2016-07-26,2016
198,2016-08-02,MRD,0.0,2,MRD2,other,,100,False,True,False,"('2016-08-02', 'MRD2')",Other,EasyGel,215,31,2016-08-02,2016
199,2016-08-09,MRD,0.0,2,MRD2,other,,100,False,True,False,"('2016-08-09', 'MRD2')",Other,EasyGel,222,32,2016-08-09,2016
200,2016-07-05,SVT,0.0,2,SVT2,other,,100,False,False,True,"('2016-07-05', 'SVT2')",Other,EasyGel,187,27,2016-07-05,2016
201,2016-07-12,SVT,7.0,2,SVT2,other,,100,False,False,True,"('2016-07-12', 'SVT2')",Other,EasyGel,194,28,2016-07-12,2016
202,2016-07-19,SVT,17.0,2,SVT2,other,,100,False,True,False,"('2016-07-19', 'SVT2')",Other,EasyGel,201,29,2016-07-19,2016
203,2016-06-21,SVT,0.0,2,SVT2,other,,100,True,False,False,"('2016-06-21', 'SVT2')",Other,EasyGel,173,25,2016-06-21,2016
204,2016-06-28,SVT,14.0,2,SVT2,other,,100,True,False,False,"('2016-06-28', 'SVT2')",Other,EasyGel,180,26,2016-06-28,2016
205,2016-07-26,SVT,9.0,2,SVT2,other,,100,False,True,False,"('2016-07-26', 'SVT2')",Other,EasyGel,208,30,2016-07-26,2016
206,2016-08-02,SVT,2.0,2,SVT2,other,,100,False,True,False,"('2016-08-02', 'SVT2')",Other,EasyGel,215,31,2016-08-02,2016
207,2016-08-09,SVT,0.0,2,SVT2,other,,100,False,True,False,"('2016-08-09', 'SVT2')",Other,EasyGel,222,32,2016-08-09,2016
208,2016-07-05,VNX,1.0,2,VNX2,other,,100,False,False,True,"('2016-07-05', 'VNX2')",Other,EasyGel,187,27,2016-07-05,2016
209,2016-07-12,VNX,5.0,2,VNX2,other,,100,False,False,True,"('2016-07-12', 'VNX2')",Other,EasyGel,194,28,2016-07-12,2016
210,2016-07-19,VNX,2.0,2,VNX2,other,,100,False,True,False,"('2016-07-19', 'VNX2')",Other,EasyGel,201,29,2016-07-19,2016
211,2016-06-21,VNX,0.0,2,VNX2,other,,100,True,False,False,"('2016-06-21', 'VNX2')",Other,EasyGel,173,25,2016-06-21,2016
212,2016-06-28,VNX,8.0,2,VNX2,other,,100,True,False,False,"('2016-06-28', 'VNX2')",Other,EasyGel,180,26,2016-06-28,2016
213,2016-07-26,VNX,4.0,2,VNX2,other,,100,False,True,False,"('2016-07-26', 'VNX2')",Other,EasyGel,208,30,2016-07-26,2016
214,2016-08-09,VNX,7.0,2,VNX2,other,,100,False,True,False,"('2016-08-09', 'VNX2')",Other,EasyGel,222,32,2016-08-09,2016
215,2016-08-02,VNX,2.0,2,VNX2,other,,100,False,True,False,"('2016-08-02', 'VNX2')",Other,EasyGel,215,31,2016-08-02,2016
216,2016-07-05,MRD,0.0,2,MRD2,pink,,100,False,False,True,"('2016-07-05', 'MRD2')",Coliform,EasyGel,187,27,2016-07-05,2016
217,2016-07-12,MRD,17.0,2,MRD2,pink,,100,False,False,True,"('2016-07-12', 'MRD2')",Coliform,EasyGel,194,28,2016-07-12,2016
218,2016-07-19,MRD,4.0,2,MRD2,pink,,100,False,True,False,"('2016-07-19', 'MRD2')",Coliform,EasyGel,201,29,2016-07-19,2016
219,2016-06-21,MRD,2.0,2,MRD2,pink,,100,True,False,False,"('2016-06-21', 'MRD2')",Coliform,EasyGel,173,25,2016-06-21,2016
220,2016-06-28,MRD,4.0,2,MRD2,pink,,100,True,False,False,"('2016-06-28', 'MRD2')",Coliform,EasyGel,180,26,2016-06-28,2016
221,2016-07-26,MRD,2.0,2,MRD2,pink,,100,False,True,False,"('2016-07-26', 'MRD2')",Coliform,EasyGel,208,30,2016-07-26,2016
222,2016-08-02,MRD,3.0,2,MRD2,pink,,100,False,True,False,"('2016-08-02', 'MRD2')",Coliform,EasyGel,215,31,2016-08-02,2016
223,2016-08-09,MRD,0.0,2,MRD2,pink,,100,False,True,False,"('2016-08-09', 'MRD2')",Coliform,EasyGel,222,32,2016-08-09,2016
224,2016-07-05,SVT,0.0,2,SVT2,pink,,100,False,False,True,"('2016-07-05', 'SVT2')",Coliform,EasyGel,187,27,2016-07-05,2016
225,2016-07-12,SVT,40.0,2,SVT2,pink,,100,False,False,True,"('2016-07-12', 'SVT2')",Coliform,EasyGel,194,28,2016-07-12,2016
226,2016-07-19,SVT,5.0,2,SVT2,pink,,100,False,True,False,"('2016-07-19', 'SVT2')",Coliform,EasyGel,201,29,2016-07-19,2016
227,2016-06-21,SVT,0.0,2,SVT2,pink,,100,True,False,False,"('2016-06-21', 'SVT2')",Coliform,EasyGel,173,25,2016-06-21,2016
228,2016-06-28,SVT,7.0,2,SVT2,pink,,100,True,False,False,"('2016-06-28', 'SVT2')",Coliform,EasyGel,180,26,2016-06-28,2016
229,2016-07-26,SVT,0.0,2,SVT2,pink,,100,False,True,False,"('2016-07-26', 'SVT2')",Coliform,EasyGel,208,30,2016-07-26,2016
230,2016-08-02,SVT,1.0,2,SVT2,pink,,100,False,True,False,"('2016-08-02', 'SVT2')",Coliform,EasyGel,215,31,2016-08-02,2016
231,2016-08-09,SVT,2.0,2,SVT2,pink,,100,False,True,False,"('2016-08-09', 'SVT2')",Coliform,EasyGel,222,32,2016-08-09,2016
232,2016-07-05,VNX,1.0,2,VNX2,pink,,100,False,False,True,"('2016-07-05', 'VNX2')",Coliform,EasyGel,187,27,2016-07-05,2016
233,2016-07-12,VNX,5.0,2,VNX2,pink,,100,False,False,True,"('2016-07-12', 'VNX2')",Coliform,EasyGel,194,28,2016-07-12,2016
234,2016-07-19,VNX,0.0,2,VNX2,pink,,100,False,True,False,"('2016-07-19', 'VNX2')",Coliform,EasyGel,201,29,2016-07-19,2016
235,2016-06-21,VNX,0.0,2,VNX2,pink,,100,True,False,False,"('2016-06-21', 'VNX2')",Coliform,EasyGel,173,25,2016-06-21,2016
236,2016-06-28,VNX,0.0,2,VNX2,pink,,100,True,False,False,"('2016-06-28', 'VNX2')",Coliform,EasyGel,180,26,2016-06-28,2016
237,2016-07-26,VNX,0.0,2,VNX2,pink,,100,False,True,False,"('2016-07-26', 'VNX2')",Coliform,EasyGel,208,30,2016-07-26,2016
238,2016-08-09,VNX,0.0,2,VNX2,pink,,100,False,True,False,"('2016-08-09', 'VNX2')",Coliform,EasyGel,222,32,2016-08-09,2016
239,2016-08-02,VNX,1.0,2,VNX2,pink,,100,False,True,False,"('2016-08-02', 'VNX2')",Coliform,EasyGel,215,31,2016-08-02,2016
240,2016-07-05,MRD,0.0,2,MRD2,turq,,100,False,False,True,"('2016-07-05', 'MRD2')",Other,EasyGel,187,27,2016-07-05,2016
241,2016-07-12,MRD,4.0,2,MRD2,turq,,100,False,False,True,"('2016-07-12', 'MRD2')",Other,EasyGel,194,28,2016-07-12,2016
242,2016-07-19,MRD,0.0,2,MRD2,turq,,100,False,True,False,"('2016-07-19', 'MRD2')",Other,EasyGel,201,29,2016-07-19,2016
243,2016-06-21,MRD,2.0,2,MRD2,turq,,100,True,False,False,"('2016-06-21', 'MRD2')",Other,EasyGel,173,25,2016-06-21,2016
244,2016-06-28,MRD,1.0,2,MRD2,turq,,100,True,False,False,"('2016-06-28', 'MRD2')",Other,EasyGel,180,26,2016-06-28,2016
245,2016-07-26,MRD,0.0,2,MRD2,turq,,100,False,True,False,"('2016-07-26', 'MRD2')",Other,EasyGel,208,30,2016-07-26,2016
246,2016-08-02,MRD,0.0,2,MRD2,turq,,100,False,True,False,"('2016-08-02', 'MRD2')",Other,EasyGel,215,31,2016-08-02,2016
247,2016-08-09,MRD,0.0,2,MRD2,turq,,100,False,True,False,"('2016-08-09', 'MRD2')",Other,EasyGel,222,32,2016-08-09,2016
248,2016-07-05,SVT,0.0,2,SVT2,turq,,100,False,False,True,"('2016-07-05', 'SVT2')",Other,EasyGel,187,27,2016-07-05,2016
249,2016-07-12,SVT,13.0,2,SVT2,turq,,100,False,False,True,"('2016-07-12', 'SVT2')",Other,EasyGel,194,28,2016-07-12,2016
250,2016-07-19,SVT,0.0,2,SVT2,turq,,100,False,True,False,"('2016-07-19', 'SVT2')",Other,EasyGel,201,29,2016-07-19,2016
251,2016-06-21,SVT,0.0,2,SVT2,turq,,100,True,False,False,"('2016-06-21', 'SVT2')",Other,EasyGel,173,25,2016-06-21,2016
252,2016-06-28,SVT,0.0,2,SVT2,turq,,100,True,False,False,"('2016-06-28', 'SVT2')",Other,EasyGel,180,26,2016-06-28,2016
253,2016-07-26,SVT,0.0,2,SVT2,turq,,100,False,True,False,"('2016-07-26', 'SVT2')",Other,EasyGel,208,30,2016-07-26,2016
254,2016-08-02,SVT,0.0,2,SVT2,turq,,100,False,True,False,"('2016-08-02', 'SVT2')",Other,EasyGel,215,31,2016-08-02,2016
255,2016-08-09,SVT,0.0,2,SVT2,turq,,100,False,True,False,"('2016-08-09', 'SVT2')",Other,EasyGel,222,32,2016-08-09,2016
256,2016-07-05,VNX,0.0,2,VNX2,turq,,100,False,False,True,"('2016-07-05', 'VNX2')",Other,EasyGel,187,27,2016-07-05,2016
257,2016-07-12,VNX,0.0,2,VNX2,turq,,100,False,False,True,"('2016-07-12', 'VNX2')",Other,EasyGel,194,28,2016-07-12,2016
258,2016-07-19,VNX,0.0,2,VNX2,turq,,100,False,True,False,"('2016-07-19', 'VNX2')",Other,EasyGel,201,29,2016-07-19,2016
259,2016-06-21,VNX,0.0,2,VNX2,turq,,100,True,False,False,"('2016-06-21', 'VNX2')",Other,EasyGel,173,25,2016-06-21,2016
260,2016-06-28,VNX,0.0,2,VNX2,turq,,100,True,False,False,"('2016-06-28', 'VNX2')",Other,EasyGel,180,26,2016-06-28,2016
261,2016-07-26,VNX,0.0,2,VNX2,turq,,100,False,True,False,"('2016-07-26', 'VNX2')",Other,EasyGel,208,30,2016-07-26,2016
262,2016-08-09,VNX,9.0,2,VNX2,turq,,100,False,True,False,"('2016-08-09', 'VNX2')",Other,EasyGel,222,32,2016-08-09,2016
263,2016-08-02,VNX,0.0,2,VNX2,turq,,100,False,True,False,"('2016-08-02', 'VNX2')",Other,EasyGel,215,31,2016-08-02,2016
264,2016-07-05,MRD,0.0,3,MRD3,big_blue,,100,False,False,True,"('2016-07-05', 'MRD3')",Bioindicator,EasyGel,187,27,2016-07-05,2016
265,2016-07-12,MRD,12.0,3,MRD3,big_blue,,100,False,False,True,"('2016-07-12', 'MRD3')",Bioindicator,EasyGel,194,28,2016-07-12,2016
266,2016-07-19,MRD,20.0,3,MRD3,big_blue,,100,False,True,False,"('2016-07-19', 'MRD3')",Bioindicator,EasyGel,201,29,2016-07-19,2016
267,2016-06-21,MRD,0.0,3,MRD3,big_blue,,100,True,False,False,"('2016-06-21', 'MRD3')",Bioindicator,EasyGel,173,25,2016-06-21,2016
268,2016-06-28,MRD,1.0,3,MRD3,big_blue,,100,True,False,False,"('2016-06-28', 'MRD3')",Bioindicator,EasyGel,180,26,2016-06-28,2016
269,2016-07-26,MRD,25.0,3,MRD3,big_blue,,100,False,True,False,"('2016-07-26', 'MRD3')",Bioindicator,EasyGel,208,30,2016-07-26,2016
270,2016-08-02,MRD,1.0,3,MRD3,big_blue,,100,False,True,False,"('2016-08-02', 'MRD3')",Bioindicator,EasyGel,215,31,2016-08-02,2016
271,2016-08-09,MRD,0.0,3,MRD3,big_blue,,100,False,True,False,"('2016-08-09', 'MRD3')",Bioindicator,EasyGel,222,32,2016-08-09,2016
272,2016-07-05,SVT,1.0,3,SVT3,big_blue,,100,False,False,True,"('2016-07-05', 'SVT3')",Bioindicator,EasyGel,187,27,2016-07-05,2016
273,2016-07-12,SVT,33.0,3,SVT3,big_blue,,100,False,False,True,"('2016-07-12', 'SVT3')",Bioindicator,EasyGel,194,28,2016-07-12,2016
274,2016-07-19,SVT,17.0,3,SVT3,big_blue,,100,False,True,False,"('2016-07-19', 'SVT3')",Bioindicator,EasyGel,201,29,2016-07-19,2016
275,2016-06-21,SVT,1.0,3,SVT3,big_blue,,100,True,False,False,"('2016-06-21', 'SVT3')",Bioindicator,EasyGel,173,25,2016-06-21,2016
276,2016-06-28,SVT,0.0,3,SVT3,big_blue,,100,True,False,False,"('2016-06-28', 'SVT3')",Bioindicator,EasyGel,180,26,2016-06-28,2016
277,2016-07-26,SVT,0.0,3,SVT3,big_blue,,100,False,True,False,"('2016-07-26', 'SVT3')",Bioindicator,EasyGel,208,30,2016-07-26,2016
278,2016-08-02,SVT,0.0,3,SVT3,big_blue,,100,False,True,False,"('2016-08-02', 'SVT3')",Bioindicator,EasyGel,215,31,2016-08-02,2016
279,2016-08-09,SVT,1.0,3,SVT3,big_blue,,100,False,True,False,"('2016-08-09', 'SVT3')",Bioindicator,EasyGel,222,32,2016-08-09,2016
280,2016-07-05,VNX,1.0,3,VNX3,big_blue,,100,False,False,True,"('2016-07-05', 'VNX3')",Bioindicator,EasyGel,187,27,2016-07-05,2016
281,2016-07-12,VNX,7.0,3,VNX3,big_blue,,100,False,False,True,"('2016-07-12', 'VNX3')",Bioindicator,EasyGel,194,28,2016-07-12,2016
282,2016-07-19,VNX,3.0,3,VNX3,big_blue,,100,False,True,False,"('2016-07-19', 'VNX3')",Bioindicator,EasyGel,201,29,2016-07-19,2016
283,2016-06-21,VNX,0.0,3,VNX3,big_blue,,100,True,False,False,"('2016-06-21', 'VNX3')",Bioindicator,EasyGel,173,25,2016-06-21,2016
284,2016-06-28,VNX,8.0,3,VNX3,big_blue,,100,True,False,False,"('2016-06-28', 'VNX3')",Bioindicator,EasyGel,180,26,2016-06-28,2016
285,2016-07-26,VNX,1.0,3,VNX3,big_blue,,100,False,True,False,"('2016-07-26', 'VNX3')",Bioindicator,EasyGel,208,30,2016-07-26,2016
286,2016-08-09,VNX,14.0,3,VNX3,big_blue,,100,False,True,False,"('2016-08-09', 'VNX3')",Bioindicator,EasyGel,222,32,2016-08-09,2016
287,2016-08-02,VNX,2.0,3,VNX3,big_blue,,100,False,True,False,"('2016-08-02', 'VNX3')",Bioindicator,EasyGel,215,31,2016-08-02,2016
288,2016-07-05,MRD,1.0,3,MRD3,med_blue,,100,False,False,True,"('2016-07-05', 'MRD3')",Coliform,EasyGel,187,27,2016-07-05,2016
289,2016-07-12,MRD,9.0,3,MRD3,med_blue,,100,False,False,True,"('2016-07-12', 'MRD3')",Coliform,EasyGel,194,28,2016-07-12,2016
290,2016-07-19,MRD,5.0,3,MRD3,med_blue,,100,False,True,False,"('2016-07-19', 'MRD3')",Coliform,EasyGel,201,29,2016-07-19,2016
291,2016-06-21,MRD,2.0,3,MRD3,med_blue,,100,True,False,False,"('2016-06-21', 'MRD3')",Coliform,EasyGel,173,25,2016-06-21,2016
292,2016-06-28,MRD,2.0,3,MRD3,med_blue,,100,True,False,False,"('2016-06-28', 'MRD3')",Coliform,EasyGel,180,26,2016-06-28,2016
293,2016-07-26,MRD,40.0,3,MRD3,med_blue,,100,False,True,False,"('2016-07-26', 'MRD3')",Coliform,EasyGel,208,30,2016-07-26,2016
294,2016-08-02,MRD,1.0,3,MRD3,med_blue,,100,False,True,False,"('2016-08-02', 'MRD3')",Coliform,EasyGel,215,31,2016-08-02,2016
295,2016-08-09,MRD,0.0,3,MRD3,med_blue,,100,False,True,False,"('2016-08-09', 'MRD3')",Coliform,EasyGel,222,32,2016-08-09,2016
296,2016-07-05,SVT,0.0,3,SVT3,med_blue,,100,False,False,True,"('2016-07-05', 'SVT3')",Coliform,EasyGel,187,27,2016-07-05,2016
297,2016-07-12,SVT,29.0,3,SVT3,med_blue,,100,False,False,True,"('2016-07-12', 'SVT3')",Coliform,EasyGel,194,28,2016-07-12,2016
298,2016-07-19,SVT,0.0,3,SVT3,med_blue,,100,False,True,False,"('2016-07-19', 'SVT3')",Coliform,EasyGel,201,29,2016-07-19,2016
299,2016-06-21,SVT,1.0,3,SVT3,med_blue,,100,True,False,False,"('2016-06-21', 'SVT3')",Coliform,EasyGel,173,25,2016-06-21,2016
300,2016-06-28,SVT,0.0,3,SVT3,med_blue,,100,True,False,False,"('2016-06-28', 'SVT3')",Coliform,EasyGel,180,26,2016-06-28,2016
301,2016-07-26,SVT,0.0,3,SVT3,med_blue,,100,False,True,False,"('2016-07-26', 'SVT3')",Coliform,EasyGel,208,30,2016-07-26,2016
302,2016-08-02,SVT,0.0,3,SVT3,med_blue,,100,False,True,False,"('2016-08-02', 'SVT3')",Coliform,EasyGel,215,31,2016-08-02,2016
303,2016-08-09,SVT,0.0,3,SVT3,med_blue,,100,False,True,False,"('2016-08-09', 'SVT3')",Coliform,EasyGel,222,32,2016-08-09,2016
304,2016-07-05,VNX,0.0,3,VNX3,med_blue,,100,False,False,True,"('2016-07-05', 'VNX3')",Coliform,EasyGel,187,27,2016-07-05,2016
305,2016-07-12,VNX,0.0,3,VNX3,med_blue,,100,False,False,True,"('2016-07-12', 'VNX3')",Coliform,EasyGel,194,28,2016-07-12,2016
306,2016-07-19,VNX,3.0,3,VNX3,med_blue,,100,False,True,False,"('2016-07-19', 'VNX3')",Coliform,EasyGel,201,29,2016-07-19,2016
307,2016-06-21,VNX,0.0,3,VNX3,med_blue,,100,True,False,False,"('2016-06-21', 'VNX3')",Coliform,EasyGel,173,25,2016-06-21,2016
308,2016-06-28,VNX,15.0,3,VNX3,med_blue,,100,True,False,False,"('2016-06-28', 'VNX3')",Coliform,EasyGel,180,26,2016-06-28,2016
309,2016-07-26,VNX,0.0,3,VNX3,med_blue,,100,False,True,False,"('2016-07-26', 'VNX3')",Coliform,EasyGel,208,30,2016-07-26,2016
310,2016-08-09,VNX,5.0,3,VNX3,med_blue,,100,False,True,False,"('2016-08-09', 'VNX3')",Coliform,EasyGel,222,32,2016-08-09,2016
311,2016-08-02,VNX,0.0,3,VNX3,med_blue,,100,False,True,False,"('2016-08-02', 'VNX3')",Coliform,EasyGel,215,31,2016-08-02,2016
312,2016-07-05,MRD,0.0,3,MRD3,other,,100,False,False,True,"('2016-07-05', 'MRD3')",Other,EasyGel,187,27,2016-07-05,2016
313,2016-07-12,MRD,21.0,3,MRD3,other,,100,False,False,True,"('2016-07-12', 'MRD3')",Other,EasyGel,194,28,2016-07-12,2016
314,2016-07-19,MRD,6.0,3,MRD3,other,,100,False,True,False,"('2016-07-19', 'MRD3')",Other,EasyGel,201,29,2016-07-19,2016
315,2016-06-21,MRD,0.0,3,MRD3,other,,100,True,False,False,"('2016-06-21', 'MRD3')",Other,EasyGel,173,25,2016-06-21,2016
316,2016-06-28,MRD,13.0,3,MRD3,other,,100,True,False,False,"('2016-06-28', 'MRD3')",Other,EasyGel,180,26,2016-06-28,2016
317,2016-07-26,MRD,2.0,3,MRD3,other,,100,False,True,False,"('2016-07-26', 'MRD3')",Other,EasyGel,208,30,2016-07-26,2016
318,2016-08-02,MRD,2.0,3,MRD3,other,,100,False,True,False,"('2016-08-02', 'MRD3')",Other,EasyGel,215,31,2016-08-02,2016
319,2016-08-09,MRD,0.0,3,MRD3,other,,100,False,True,False,"('2016-08-09', 'MRD3')",Other,EasyGel,222,32,2016-08-09,2016
320,2016-07-05,SVT,5.0,3,SVT3,other,,100,False,False,True,"('2016-07-05', 'SVT3')",Other,EasyGel,187,27,2016-07-05,2016
321,2016-07-12,SVT,14.0,3,SVT3,other,,100,False,False,True,"('2016-07-12', 'SVT3')",Other,EasyGel,194,28,2016-07-12,2016
322,2016-07-19,SVT,14.0,3,SVT3,other,,100,False,True,False,"('2016-07-19', 'SVT3')",Other,EasyGel,201,29,2016-07-19,2016
323,2016-06-21,SVT,0.0,3,SVT3,other,,100,True,False,False,"('2016-06-21', 'SVT3')",Other,EasyGel,173,25,2016-06-21,2016
324,2016-06-28,SVT,18.0,3,SVT3,other,,100,True,False,False,"('2016-06-28', 'SVT3')",Other,EasyGel,180,26,2016-06-28,2016
325,2016-07-26,SVT,7.0,3,SVT3,other,,100,False,True,False,"('2016-07-26', 'SVT3')",Other,EasyGel,208,30,2016-07-26,2016
326,2016-08-02,SVT,3.0,3,SVT3,other,,100,False,True,False,"('2016-08-02', 'SVT3')",Other,EasyGel,215,31,2016-08-02,2016
327,2016-08-09,SVT,0.0,3,SVT3,other,,100,False,True,False,"('2016-08-09', 'SVT3')",Other,EasyGel,222,32,2016-08-09,2016
328,2016-07-05,VNX,0.0,3,VNX3,other,,100,False,False,True,"('2016-07-05', 'VNX3')",Other,EasyGel,187,27,2016-07-05,2016
329,2016-07-12,VNX,9.0,3,VNX3,other,,100,False,False,True,"('2016-07-12', 'VNX3')",Other,EasyGel,194,28,2016-07-12,2016
330,2016-07-19,VNX,4.0,3,VNX3,other,,100,False,True,False,"('2016-07-19', 'VNX3')",Other,EasyGel,201,29,2016-07-19,2016
331,2016-06-21,VNX,0.0,3,VNX3,other,,100,True,False,False,"('2016-06-21', 'VNX3')",Other,EasyGel,173,25,2016-06-21,2016
332,2016-06-28,VNX,0.0,3,VNX3,other,,100,True,False,False,"('2016-06-28', 'VNX3')",Other,EasyGel,180,26,2016-06-28,2016
333,2016-07-26,VNX,2.0,3,VNX3,other,,100,False,True,False,"('2016-07-26', 'VNX3')",Other,EasyGel,208,30,2016-07-26,2016
334,2016-08-09,VNX,5.0,3,VNX3,other,,100,False,True,False,"('2016-08-09', 'VNX3')",Other,EasyGel,222,32,2016-08-09,2016
335,2016-08-02,VNX,0.0,3,VNX3,other,,100,False,True,False,"('2016-08-02', 'VNX3')",Other,EasyGel,215,31,2016-08-02,2016
336,2016-07-05,MRD,0.0,3,MRD3,pink,,100,False,False,True,"('2016-07-05', 'MRD3')",Coliform,EasyGel,187,27,2016-07-05,2016
337,2016-07-12,MRD,33.0,3,MRD3,pink,,100,False,False,True,"('2016-07-12', 'MRD3')",Coliform,EasyGel,194,28,2016-07-12,2016
338,2016-07-19,MRD,0.0,3,MRD3,pink,,100,False,True,False,"('2016-07-19', 'MRD3')",Coliform,EasyGel,201,29,2016-07-19,2016
339,2016-06-21,MRD,6.0,3,MRD3,pink,,100,True,False,False,"('2016-06-21', 'MRD3')",Coliform,EasyGel,173,25,2016-06-21,2016
340,2016-06-28,MRD,8.0,3,MRD3,pink,,100,True,False,False,"('2016-06-28', 'MRD3')",Coliform,EasyGel,180,26,2016-06-28,2016
341,2016-07-26,MRD,1.0,3,MRD3,pink,,100,False,True,False,"('2016-07-26', 'MRD3')",Coliform,EasyGel,208,30,2016-07-26,2016
342,2016-08-02,MRD,2.0,3,MRD3,pink,,100,False,True,False,"('2016-08-02', 'MRD3')",Coliform,EasyGel,215,31,2016-08-02,2016
343,2016-08-09,MRD,0.0,3,MRD3,pink,,100,False,True,False,"('2016-08-09', 'MRD3')",Coliform,EasyGel,222,32,2016-08-09,2016
344,2016-07-05,SVT,0.0,3,SVT3,pink,,100,False,False,True,"('2016-07-05', 'SVT3')",Coliform,EasyGel,187,27,2016-07-05,2016
345,2016-07-12,SVT,29.0,3,SVT3,pink,,100,False,False,True,"('2016-07-12', 'SVT3')",Coliform,EasyGel,194,28,2016-07-12,2016
346,2016-07-19,SVT,3.0,3,SVT3,pink,,100,False,True,False,"('2016-07-19', 'SVT3')",Coliform,EasyGel,201,29,2016-07-19,2016
347,2016-06-21,SVT,0.0,3,SVT3,pink,,100,True,False,False,"('2016-06-21', 'SVT3')",Coliform,EasyGel,173,25,2016-06-21,2016
348,2016-06-28,SVT,5.0,3,SVT3,pink,,100,True,False,False,"('2016-06-28', 'SVT3')",Coliform,EasyGel,180,26,2016-06-28,2016
349,2016-07-26,SVT,0.0,3,SVT3,pink,,100,False,True,False,"('2016-07-26', 'SVT3')",Coliform,EasyGel,208,30,2016-07-26,2016
350,2016-08-02,SVT,1.0,3,SVT3,pink,,100,False,True,False,"('2016-08-02', 'SVT3')",Coliform,EasyGel,215,31,2016-08-02,2016
351,2016-08-09,SVT,1.0,3,SVT3,pink,,100,False,True,False,"('2016-08-09', 'SVT3')",Coliform,EasyGel,222,32,2016-08-09,2016
352,2016-07-05,VNX,1.0,3,VNX3,pink,,100,False,False,True,"('2016-07-05', 'VNX3')",Coliform,EasyGel,187,27,2016-07-05,2016
353,2016-07-12,VNX,8.0,3,VNX3,pink,,100,False,False,True,"('2016-07-12', 'VNX3')",Coliform,EasyGel,194,28,2016-07-12,2016
354,2016-07-19,VNX,0.0,3,VNX3,pink,,100,False,True,False,"('2016-07-19', 'VNX3')",Coliform,EasyGel,201,29,2016-07-19,2016
355,2016-06-21,VNX,0.0,3,VNX3,pink,,100,True,False,False,"('2016-06-21', 'VNX3')",Coliform,EasyGel,173,25,2016-06-21,2016
356,2016-06-28,VNX,9.0,3,VNX3,pink,,100,True,False,False,"('2016-06-28', 'VNX3')",Coliform,EasyGel,180,26,2016-06-28,2016
357,2016-07-26,VNX,0.0,3,VNX3,pink,,100,False,True,False,"('2016-07-26', 'VNX3')",Coliform,EasyGel,208,30,2016-07-26,2016
358,2016-08-09,VNX,4.0,3,VNX3,pink,,100,False,True,False,"('2016-08-09', 'VNX3')",Coliform,EasyGel,222,32,2016-08-09,2016
359,2016-08-02,VNX,0.0,3,VNX3,pink,,100,False,True,False,"('2016-08-02', 'VNX3')",Coliform,EasyGel,215,31,2016-08-02,2016
360,2016-07-05,MRD,0.0,3,MRD3,turq,,100,False,False,True,"('2016-07-05', 'MRD3')",Other,EasyGel,187,27,2016-07-05,2016
361,2016-07-12,MRD,7.0,3,MRD3,turq,,100,False,False,True,"('2016-07-12', 'MRD3')",Other,EasyGel,194,28,2016-07-12,2016
362,2016-07-19,MRD,0.0,3,MRD3,turq,,100,False,True,False,"('2016-07-19', 'MRD3')",Other,EasyGel,201,29,2016-07-19,2016
363,2016-06-21,MRD,1.0,3,MRD3,turq,,100,True,False,False,"('2016-06-21', 'MRD3')",Other,EasyGel,173,25,2016-06-21,2016
364,2016-06-28,MRD,1.0,3,MRD3,turq,,100,True,False,False,"('2016-06-28', 'MRD3')",Other,EasyGel,180,26,2016-06-28,2016
365,2016-07-26,MRD,5.0,3,MRD3,turq,,100,False,True,False,"('2016-07-26', 'MRD3')",Other,EasyGel,208,30,2016-07-26,2016
366,2016-08-02,MRD,1.0,3,MRD3,turq,,100,False,True,False,"('2016-08-02', 'MRD3')",Other,EasyGel,215,31,2016-08-02,2016
367,2016-08-09,MRD,3.0,3,MRD3,turq,,100,False,True,False,"('2016-08-09', 'MRD3')",Other,EasyGel,222,32,2016-08-09,2016
368,2016-07-05,SVT,0.0,3,SVT3,turq,,100,False,False,True,"('2016-07-05', 'SVT3')",Other,EasyGel,187,27,2016-07-05,2016
369,2016-07-12,SVT,10.0,3,SVT3,turq,,100,False,False,True,"('2016-07-12', 'SVT3')",Other,EasyGel,194,28,2016-07-12,2016
370,2016-07-19,SVT,0.0,3,SVT3,turq,,100,False,True,False,"('2016-07-19', 'SVT3')",Other,EasyGel,201,29,2016-07-19,2016
371,2016-06-21,SVT,0.0,3,SVT3,turq,,100,True,False,False,"('2016-06-21', 'SVT3')",Other,EasyGel,173,25,2016-06-21,2016
372,2016-06-28,SVT,0.0,3,SVT3,turq,,100,True,False,False,"('2016-06-28', 'SVT3')",Other,EasyGel,180,26,2016-06-28,2016
373,2016-07-26,SVT,0.0,3,SVT3,turq,,100,False,True,False,"('2016-07-26', 'SVT3')",Other,EasyGel,208,30,2016-07-26,2016
374,2016-08-02,SVT,0.0,3,SVT3,turq,,100,False,True,False,"('2016-08-02', 'SVT3')",Other,EasyGel,215,31,2016-08-02,2016
375,2016-08-09,SVT,0.0,3,SVT3,turq,,100,False,True,False,"('2016-08-09', 'SVT3')",Other,EasyGel,222,32,2016-08-09,2016
376,2016-07-05,VNX,0.0,3,VNX3,turq,,100,False,False,True,"('2016-07-05', 'VNX3')",Other,EasyGel,187,27,2016-07-05,2016
377,2016-07-12,VNX,0.0,3,VNX3,turq,,100,False,False,True,"('2016-07-12', 'VNX3')",Other,EasyGel,194,28,2016-07-12,2016
378,2016-07-19,VNX,0.0,3,VNX3,turq,,100,False,True,False,"('2016-07-19', 'VNX3')",Other,EasyGel,201,29,2016-07-19,2016
379,2016-06-21,VNX,0.0,3,VNX3,turq,,100,True,False,False,"('2016-06-21', 'VNX3')",Other,EasyGel,173,25,2016-06-21,2016
380,2016-06-28,VNX,4.0,3,VNX3,turq,,100,True,False,False,"('2016-06-28', 'VNX3')",Other,EasyGel,180,26,2016-06-28,2016
381,2016-07-26,VNX,0.0,3,VNX3,turq,,100,False,True,False,"('2016-07-26', 'VNX3')",Other,EasyGel,208,30,2016-07-26,2016
382,2016-08-09,VNX,0.0,3,VNX3,turq,,100,False,True,False,"('2016-08-09', 'VNX3')",Other,EasyGel,222,32,2016-08-09,2016
383,2016-08-02,VNX,0.0,3,VNX3,turq,,100,False,True,False,"('2016-08-02', 'VNX3')",Other,EasyGel,215,31,2016-08-02,2016
